Account_id,Age,Register Date,Unnamed: 3
1001,31.0,, 
1002,29.0,, 
1003,54.0,, 
1004,28.0,, 
1005,64.0, '2022-10-02', 
1006,58.0, '2022-03-06', 
1007,31.0, '2021-08-24', 
1008,48.0,, 
1009,60.0,, 
1010,31.0,, 
1011,54.0, '2021-07-27', 
1012,57.0,, 
1013,49.0, '2022-12-29', 
1014,19.0,, 
1015,39.0, '2022-05-20', 
1016,23.0, '2022-10-01', 
1017,41.0, '2020-09-01', 
1018,22.0, '2022-10-19', 
1019,35.0, '2022-02-07', 
1020,31.0, '2021-01-06', 
1021,53.0,, 
1022,22.0, '2021-04-19', 
1023,53.0, '2022-02-26', 
1024,26.0, '2020-09-06', 
1025,53.0, '2020-11-30', 
1026,59.0, '2021-11-14', 
1027,37.0,, 
1028,60.0, '2020-12-08', 
1029,25.0,, 
1030,39.0,, 
1031,28.0,, 
1032,58.0, '2023-03-06', 
1033,59.0, '2021-01-09', 
1034,39.0, '2021-09-24', 
1035,60.0, '2022-07-08', 
1036,56.0,, 
1037,63.0,, 
1038,63.0,, 
1039,59.0, '2021-08-19', 
1040,47.0,, 
1041,51.0,, 
1042,54.0, '2020-12-22', 
1043,27.0,, 
1044,25.0, '2023-02-17', 
1045,64.0, '2021-12-19', 
1046,36.0,, 
1047,21.0, '2023-02-24', 
1048,21.0, '2020-07-17', 
1049,55.0,, 
1050,26.0,, 
1051,45.0,, 
1052,31.0, '2022-02-27', 
1053,37.0,, 
1054,34.0,, 
1055,48.0,, 
1056,33.0, '2023-01-12', 
1057,65.0,, 
1058,44.0, '2020-05-20', 
1059,60.0,, 
1060,53.0, '2022-09-27', 
1061,31.0, '2022-06-23', 
1062,34.0,, 
1063,28.0,, 
1064,26.0,, 
1065,55.0, '2021-12-19', 
1066,25.0, '2021-01-07', 
1067,36.0, '2022-10-17', 
1068,65.0,, 
1069,54.0,, 
1070,32.0, '2021-04-17', 
1071,30.0, '2020-06-21', 
1072,36.0, '2021-12-01', 
1073,44.0, '2022-11-29', 
1074,28.0, '2021-05-12', 
1075,21.0,, 
1076,47.0,, 
1077,40.0, '2022-11-05', 
1078,64.0, '2022-02-16', 
1079,48.0, '2020-12-05', 
1080,36.0, '2022-09-13', 
1081,39.0,, 
1082,27.0,, 
1083,32.0, '2020-12-04', 
1084,46.0, '2021-05-01', 
1085,28.0,, 
1086,37.0,, 
1087,53.0,, 
1088,23.0,, 
1089,19.0, '2022-11-12', 
1090,46.0,, 
1091,52.0,, 
1092,61.0,, 
1093,63.0,, 
1094,61.0, '2021-03-04', 
1095,60.0,, 
1096,65.0,, 
1097,53.0, '2021-09-20', 
1098,24.0,, 
1099,31.0,, 
1100,39.0, '2021-05-26', 
1101,36.0, '2022-05-27', 
1102,62.0,, 
1103,55.0,, 
1104,53.0, '2021-03-12', 
1105,62.0, '2022-12-16', 
1106,43.0,, 
1107,58.0, '2020-10-15', 
1108,42.0, '2021-10-26', 
1109,36.0, '2020-11-05', 
1110,20.0,, 
1111,41.0,, 
1112,57.0, '2022-08-13', 
1113,45.0,, 
1114,51.0, '2022-06-24', 
1115,35.0,, 
1116,18.0,, 
1117,62.0, '2021-01-09', 
1118,33.0,, 
1119,44.0,, 
1120,25.0, '2022-07-22', 
1121,65.0,, 
1122,34.0,, 
1123,51.0, '2021-05-12', 
1124,53.0, '2020-11-03', 
1125,61.0, '2022-10-04', 
1126,42.0, '2022-07-29', 
1127,38.0, '2022-10-14', 
1128,50.0,, 
1129,52.0, '2020-11-13', 
1130,31.0, '2023-03-14', 
1131,53.0, '2021-04-29', 
1132,42.0,, 
1133,57.0,, 
1134,18.0, '2020-08-07', 
1135,44.0,, 
1136,60.0, '2021-07-21', 
1137,26.0,, 
1138,34.0,, 
1139,61.0, '2020-11-14', 
1140,61.0, '2022-02-03', 
1141,34.0,, 
1142,23.0,, 
1143,28.0, '2020-05-29', 
1144,56.0,, 
1145,49.0,, 
1146,45.0,, 
1147,41.0, '2022-02-14', 
1148,29.0, '2020-12-31', 
1149,40.0, '2021-06-30', 
1150,32.0,, 
1151,43.0,, 
1152,39.0,, 
1153,65.0,, 
1154,55.0,, 
1155,39.0,, 
1156,43.0, '2021-08-24', 
1157,44.0, '2021-12-20', 
1158,60.0,, 
1159,31.0,, 
1160,45.0,, 
1161,54.0, '2022-01-04', 
1162,52.0, '2022-04-20', 
1163,44.0,, 
1164,49.0,, 
1165,47.0,, 
1166,33.0, '2020-05-08', 
1167,37.0,, 
1168,42.0, '2020-07-29', 
1169,61.0, '2023-02-28', 
1170,19.0, '2023-01-07', 
1171,32.0, '2022-09-05', 
1172,61.0,, 
1173,57.0,, 
1174,44.0,, 
1175,21.0, '2020-11-13', 
1176,37.0, '2020-12-21', 
1177,63.0,, 
1178,58.0,, 
1179,45.0,, 
1180,37.0,, 
1181,56.0, '2022-01-17', 
1182,27.0, '2020-11-14', 
1183,20.0,, 
1184,62.0, '2022-01-01', 
1185,45.0,, 
1186,47.0,, 
1187,23.0,, 
1188,23.0, '2023-01-29', 
1189,23.0,, 
1190,55.0,, 
1191,36.0, '2022-07-20', 
1192,65.0,, 
1193,56.0,, 
1194,49.0,, 
1195,20.0, '2022-11-11', 
1196,23.0,, 
1197,42.0, '2022-03-21', 
1198,22.0, '2021-09-15', 
1199,40.0,, 
1200,41.0,, 
1201,52.0,, 
1202,48.0, '2022-06-18', 
1203,40.0, '2022-10-15', 
1204,21.0,, 
1205,23.0,, 
1206,36.0,, 
1207,44.0,, 
1208,19.0, '2020-12-05', 
1209,61.0,, 
1210,58.0, '2021-10-08', 
1211,35.0,, 
1212,31.0,, 
1213,46.0, '2020-07-23', 
1214,34.0, '2021-03-14', 
1215,64.0,, 
1216,37.0, '2021-04-28', 
1217,19.0, '2023-01-12', 
1218,18.0,, 
1219,33.0,, 
1220,55.0,, 
1221,27.0, '2020-05-21', 
1222,22.0,, 
1223,35.0, '2020-07-03', 
1224,39.0, '2021-02-25', 
1225,41.0,, 
1226,27.0,, 
1227,53.0, '2021-08-04', 
1228,20.0,, 
1229,38.0,, 
1230,35.0,, 
1231,18.0,, 
1232,63.0, '2021-12-11', 
1233,44.0,, 
1234,32.0,, 
1235,62.0,, 
1236,39.0,, 
1237,28.0, '2020-12-13', 
1238,50.0,, 
1239,29.0,, 
1240,59.0,, 
1241,37.0, '2023-01-22', 
1242,63.0, '2021-02-01', 
1243,46.0, '2021-01-24', 
1244,55.0, '2021-06-02', 
1245,57.0, '2021-02-16', 
1246,57.0, '2021-08-17', 
1247,47.0,, 
1248,63.0, '2021-09-29', 
1249,36.0,, 
1250,41.0,, 
1251,59.0, '2020-09-05', 
1252,29.0, '2022-01-20', 
1253,41.0, '2022-12-03', 
1254,56.0, '2022-04-10', 
1255,35.0,, 
1256,27.0,, 
1257,47.0,, 
1258,20.0,, 
1259,60.0, '2022-12-14', 
1260,51.0, '2020-08-15', 
1261,36.0, '2021-01-26', 
1262,49.0,, 
1263,63.0, '2020-08-27', 
1264,37.0,, 
1265,26.0, '2021-10-20', 
1266,33.0,, 
1267,45.0, '2022-07-18', 
1268,45.0,, 
1269,52.0, '2021-07-27', 
1270,55.0,, 
1271,45.0,, 
1272,39.0,, 
1273,63.0,, 
1274,29.0,, 
1275,39.0,, 
1276,49.0, '2020-08-06', 
1277,51.0, '2022-05-30', 
1278,51.0, '2022-04-20', 
1279,34.0,, 
1280,23.0,, 
1281,43.0, '2020-08-16', 
1282,59.0,, 
1283,25.0, '2021-08-29', 
1284,40.0, '2020-11-27', 
1285,36.0, '2020-06-04', 
1286,35.0,, 
1287,40.0, '2021-07-27', 
1288,52.0,, 
1289,51.0,, 
1290,48.0,, 
1291,42.0, '2021-01-24', 
1292,52.0,, 
1293,23.0,, 
1294,33.0,, 
1295,28.0, '2020-09-17', 
1296,62.0,, 
1297,50.0,, 
1298,50.0,, 
1299,27.0,, 
1300,43.0,, 
1301,54.0,, 
1302,56.0, '2021-06-21', 
1303,63.0,, 
1304,21.0, '2021-09-06', 
1305,38.0,, 
1306,41.0,, 
1307,53.0,, 
1308,29.0,, 
1309,57.0,, 
1310,60.0,, 
1311,21.0, '2020-10-26', 
1312,20.0,, 
1313,44.0, '2022-03-23', 
1314,42.0,, 
1315,38.0, '2022-10-01', 
1316,56.0,, 
1317,33.0,, 
1318,59.0,, 
1319,54.0, '2021-07-05', 
1320,58.0,, 
1321,43.0,, 
1322,18.0,, 
1323,53.0,, 
1324,45.0,, 
1325,29.0,, 
1326,42.0,, 
1327,35.0,, 
1328,36.0,, 
1329,45.0,, 
1330,45.0,, 
1331,55.0, '2020-11-24', 
1332,49.0,, 
1333,56.0,, 
1334,48.0,, 
1335,19.0,, 
1336,24.0, '2020-12-02', 
1337,60.0, '2021-05-30', 
1338,18.0, '2021-06-04', 
1339,36.0,, 
1340,64.0,, 
1341,43.0, '2022-10-08', 
1342,55.0,, 
1343,58.0,, 
1344,28.0,, 
1345,29.0, '2022-12-09', 
1346,39.0, '2020-11-06', 
1347,44.0,, 
1348,24.0,, 
1349,18.0,, 
1350,46.0,, 
1351,56.0, '2021-08-05', 
1352,48.0, '2022-05-03', 
1353,25.0, '2022-05-17', 
1354,37.0,, 
1355,63.0,, 
1356,65.0,, 
1357,35.0, '2022-12-27', 
1358,34.0,, 
1359,31.0,, 
1360,39.0, '2022-01-10', 
1361,43.0,, 
1362,22.0, '2022-03-27', 
1363,18.0,, 
1364,39.0,, 
1365,26.0,, 
1366,53.0, '2023-01-25', 
1367,60.0,, 
1368,45.0, '2022-08-23', 
1369,57.0,, 
1370,64.0, '2022-07-08', 
1371,19.0,, 
1372,33.0,, 
1373,29.0,, 
1374,27.0,, 
1375,20.0, '2023-03-17', 
1376,53.0,, 
1377,50.0,, 
1378,39.0,, 
1379,30.0,, 
1380,45.0, '2021-08-21', 
1381,46.0,, 
1382,19.0,, 
1383,60.0,, 
1384,40.0,, 
1385,54.0,, 
1386,19.0,, 
1387,54.0,, 
1388,42.0,, 
1389,31.0,, 
1390,45.0, '2022-09-18', 
1391,50.0,, 
1392,32.0,, 
1393,28.0,, 
1394,62.0,, 
1395,56.0,, 
1396,58.0,, 
1397,26.0,, 
1398,45.0,, 
1399,34.0,, 
1400,35.0, '2023-02-02', 
1401,36.0,, 
1402,58.0,, 
1403,27.0, '2023-01-02', 
1404,30.0,, 
1405,19.0, '2021-01-21', 
1406,45.0,, 
1407,41.0,, 
1408,25.0,, 
1409,18.0,, 
1410,38.0, '2021-11-30', 
1411,21.0,, 
1412,37.0,, 
1413,51.0, '2022-01-25', 
1414,30.0,, 
1415,47.0, '2020-12-06', 
1416,47.0,, 
1417,28.0,, 
1418,32.0,, 
1419,43.0,, 
1420,58.0,, 
1421,65.0, '2023-03-11', 
1422,19.0,, 
1423,58.0, '2022-04-20', 
1424,27.0,, 
1425,47.0,, 
1426,62.0, '2020-07-04', 
1427,26.0,, 
1428,55.0, '2022-11-01', 
1429,41.0,, 
1430,25.0, '2021-10-03', 
1431,63.0,, 
1432,57.0,, 
1433,18.0, '2020-07-25', 
1434,19.0, '2022-01-27', 
1435,51.0,, 
1436,61.0,, 
1437,28.0,, 
1438,27.0, '2021-03-01', 
1439,51.0,, 
1440,52.0, '2020-09-26', 
1441,24.0,, 
1442,20.0, '2020-07-10', 
1443,48.0,, 
1444,59.0,, 
1445,53.0, '2022-09-21', 
1446,33.0,, 
1447,63.0,, 
1448,48.0,, 
1449,19.0,, 
1450,22.0,, 
1451,25.0, '2022-08-28', 
1452,19.0, '2020-09-27', 
1453,56.0, '2020-07-01', 
1454,44.0, '2022-09-13', 
1455,60.0,, 
1456,58.0, '2020-05-26', 
1457,31.0,, 
1458,24.0,, 
1459,52.0, '2022-12-30', 
1460,46.0,, 
1461,40.0,, 
1462,62.0,, 
1463,43.0,, 
1464,49.0,, 
1465,59.0,, 
1466,23.0,, 
1467,55.0,, 
1468,34.0,, 
1469,52.0, '2022-10-14', 
1470,26.0,, 
1471,54.0, '2021-09-30', 
1472,52.0, '2021-07-28', 
1473,29.0, '2021-12-18', 
1474,37.0,, 
1475,32.0,, 
1476,27.0, '2022-04-01', 
1477,54.0, '2021-06-24', 
1478,44.0,, 
1479,63.0,, 
1480,24.0,, 
1481,48.0,, 
1482,59.0,, 
1483,36.0,, 
1484,46.0,, 
1485,52.0, '2022-02-14', 
1486,50.0, '2022-01-02', 
1487,21.0, '2022-03-03', 
1488,53.0,, 
1489,53.0,, 
1490,36.0, '2021-02-03', 
1491,19.0, '2021-08-11', 
1492,19.0,, 
1493,45.0, '2021-08-20', 
1494,24.0,, 
1495,61.0, '2022-08-21', 
1496,27.0,, 
1497,32.0,, 
1498,62.0,, 
1499,26.0,, 
1500,21.0,, 
1501,41.0, '2020-07-22', 
1502,22.0,, 
1503,48.0,, 
1504,22.0, '2021-04-20', 
1505,45.0,, 
1506,24.0,, 
1507,63.0, '2020-08-09', 
1508,49.0,, 
1509,51.0, '2023-01-15', 
1510,48.0,, 
1511,32.0,, 
1512,46.0,, 
1513,47.0,, 
1514,42.0,, 
1515,51.0, '2021-12-04', 
1516,27.0,, 
1517,49.0,, 
1518,43.0,, 
1519,42.0,, 
1520,62.0, '2021-01-15', 
1521,21.0,, 
1522,39.0, '2020-12-18', 
1523,37.0, '2022-06-21', 
1524,32.0, '2021-04-06', 
1525,33.0, '2021-08-14', 
1526,18.0, '2021-10-22', 
1527,52.0, '2021-08-19', 
1528,57.0, '2022-03-05', 
1529,28.0,, 
1530,54.0, '2022-04-17', 
1531,27.0,, 
1532,18.0, '2022-03-21', 
1533,24.0, '2021-04-13', 
1534,19.0,, 
1535,45.0,, 
1536,40.0, '2023-03-14', 
1537,18.0,, 
1538,64.0, '2020-08-03', 
1539,24.0,, 
1540,33.0, '2021-03-21', 
1541,39.0,, 
1542,47.0, '2020-07-27', 
1543,21.0, '2020-10-06', 
1544,20.0,, 
1545,18.0,, 
1546,60.0,, 
1547,55.0,, 
1548,27.0, '2020-11-29', 
1549,30.0, '2021-01-26', 
1550,52.0, '2022-04-22', 
1551,45.0,, 
1552,34.0, '2022-12-29', 
1553,38.0,, 
1554,47.0,, 
1555,23.0,, 
1556,48.0, '2022-01-14', 
1557,36.0,, 
1558,52.0,, 
1559,60.0, '2021-06-23', 
1560,61.0, '2021-03-31', 
1561,31.0, '2020-12-27', 
1562,27.0, '2022-10-25', 
1563,55.0,, 
1564,45.0,, 
1565,41.0,, 
1566,45.0,, 
1567,62.0,, 
1568,43.0,, 
1569,50.0, '2022-04-23', 
1570,29.0,, 
1571,59.0, '2022-01-07', 
1572,34.0,, 
1573,56.0,, 
1574,30.0, '2021-12-29', 
1575,18.0,, 
1576,18.0,, 
1577,55.0,, 
1578,56.0, '2020-09-16', 
1579,54.0,, 
1580,60.0, '2021-08-23', 
1581,43.0,, 
1582,28.0, '2021-11-08', 
1583,65.0, '2020-11-18', 
1584,41.0,, 
1585,53.0,, 
1586,53.0, '2022-09-19', 
1587,42.0,, 
1588,51.0, '2021-07-08', 
1589,60.0,, 
1590,65.0,, 
1591,21.0, '2020-11-11', 
1592,39.0, '2023-02-07', 
1593,28.0,, 
1594,38.0,, 
1595,32.0, '2023-02-08', 
1596,58.0, '2022-02-27', 
1597,42.0, '2021-02-03', 
1598,53.0, '2022-05-03', 
1599,62.0,, 
1600,46.0,, 
1601,58.0,, 
1602,27.0, '2022-10-01', 
1603,19.0,, 
1604,37.0, '2020-12-17', 
1605,64.0, '2023-03-21', 
1606,42.0, '2021-08-06', 
1607,32.0,, 
1608,53.0,, 
1609,33.0,, 
1610,51.0, '2021-11-11', 
1611,56.0,, 
1612,52.0,, 
1613,23.0,, 
1614,38.0,, 
1615,54.0, '2022-11-13', 
1616,27.0,, 
1617,47.0,, 
1618,33.0, '2021-10-15', 
1619,65.0,, 
1620,57.0,, 
1621,31.0, '2020-12-22', 
1622,58.0, '2021-10-06', 
1623,27.0,, 
1624,21.0, '2022-07-23', 
1625,38.0, '2020-08-16', 
1626,32.0, '2020-10-17', 
1627,19.0, '2023-03-22', 
1628,29.0,, 
1629,59.0,, 
1630,18.0,, 
1631,50.0, '2020-07-14', 
1632,27.0, '2021-07-18', 
1633,52.0, '2021-06-16', 
1634,49.0,, 
1635,39.0,, 
1636,40.0,, 
1637,48.0,, 
1638,42.0,, 
1639,55.0, '2022-10-17', 
1640,29.0,, 
1641,27.0,, 
1642,35.0,, 
1643,36.0, '2022-11-25', 
1644,61.0,, 
1645,29.0,, 
1646,35.0,, 
1647,39.0,, 
1648,30.0,, 
1649,61.0, '2023-01-16', 
1650,30.0,, 
1651,62.0,, 
1652,39.0,, 
1653,55.0,, 
1654,57.0, '2023-02-09', 
1655,35.0,, 
1656,33.0,, 
1657,28.0, '2021-02-17', 
1658,35.0,, 
1659,25.0,, 
1660,50.0, '2021-05-28', 
1661,45.0, '2021-01-23', 
1662,18.0, '2022-09-26', 
1663,59.0,, 
1664,50.0,, 
1665,18.0, '2023-02-05', 
1666,42.0,, 
1667,21.0,, 
1668,51.0, '2022-11-07', 
1669,59.0, '2023-01-09', 
1670,39.0,, 
1671,25.0, '2021-11-25', 
1672,38.0, '2021-08-24', 
1673,54.0,, 
1674,24.0,, 
1675,47.0,, 
1676,25.0, '2021-10-25', 
1677,34.0, '2020-05-19', 
1678,43.0,, 
1679,42.0,, 
1680,36.0, '2020-07-18', 
1681,57.0,, 
1682,27.0, '2022-10-27', 
1683,27.0, '2020-06-23', 
1684,27.0, '2020-12-26', 
1685,23.0,, 
1686,44.0, '2022-07-21', 
1687,32.0, '2021-05-05', 
1688,48.0,, 
1689,18.0, '2021-01-14', 
1690,35.0,, 
1691,20.0,, 
1692,47.0, '2022-04-12', 
1693,37.0,, 
1694,40.0, '2022-04-13', 
1695,46.0, '2020-12-20', 
1696,19.0,, 
1697,25.0,, 
1698,50.0, '2020-10-04', 
1699,34.0, '2020-08-20', 
1700,38.0, '2021-10-01', 
1701,64.0, '2022-07-11', 
1702,18.0,, 
1703,57.0,, 
1704,26.0, '2021-10-24', 
1705,27.0, '2023-02-11', 
1706,33.0,, 
1707,28.0,, 
1708,64.0, '2021-02-11', 
1709,33.0,, 
1710,29.0, '2022-01-26', 
1711,51.0, '2021-12-26', 
1712,37.0, '2021-11-27', 
1713,40.0, '2022-02-14', 
1714,59.0, '2022-08-07', 
1715,45.0, '2020-09-13', 
1716,39.0,, 
1717,25.0, '2022-04-19', 
1718,55.0,, 
1719,40.0,, 
1720,58.0, '2022-08-15', 
1721,44.0, '2023-01-09', 
1722,31.0,, 
1723,64.0,, 
1724,26.0, '2023-03-18', 
1725,24.0,, 
1726,65.0,, 
1727,65.0,, 
1728,22.0, '2020-11-23', 
1729,38.0, '2022-07-18', 
1730,33.0,, 
1731,31.0,, 
1732,44.0,, 
1733,53.0,, 
1734,53.0,, 
1735,64.0, '2023-03-26', 
1736,26.0, '2022-07-16', 
1737,30.0, '2021-07-06', 
1738,56.0, '2022-02-12', 
1739,28.0, '2021-06-25', 
1740,34.0, '2020-06-23', 
1741,61.0, '2021-09-11', 
1742,44.0,, 
1743,35.0, '2020-05-29', 
1744,54.0,, 
1745,46.0,, 
1746,31.0, '2021-10-18', 
1747,51.0, '2020-06-17', 
1748,60.0,, 
1749,61.0,, 
1750,36.0,, 
1751,44.0, '2020-10-23', 
1752,43.0,, 
1753,31.0,, 
1754,19.0,, 
1755,18.0,, 
1756,42.0,, 
1757,62.0,, 
1758,31.0,, 
1759,55.0,, 
1760,64.0,, 
1761,32.0,, 
1762,43.0,, 
1763,19.0,, 
1764,20.0,, 
1765,43.0,, 
1766,51.0,, 
1767,32.0,, 
1768,23.0,, 
1769,42.0, '2022-02-05', 
1770,50.0,, 
1771,42.0,, 
1772,49.0,, 
1773,44.0,, 
1774,32.0,, 
1775,23.0, '2021-08-30', 
1776,53.0, '2020-06-26', 
1777,53.0,, 
1778,36.0,, 
1779,32.0,, 
1780,47.0, '2021-11-19', 
1781,18.0, '2022-07-13', 
1782,41.0,, 
1783,61.0, '2021-02-27', 
1784,24.0, '2020-09-12', 
1785,56.0,, 
1786,47.0, '2022-09-24', 
1787,33.0, '2022-10-13', 
1788,51.0,, 
1789,63.0, '2022-10-22', 
1790,51.0, '2020-09-08', 
1791,24.0,, 
1792,46.0,, 
1793,46.0,, 
1794,48.0,, 
1795,31.0,, 
1796,47.0,, 
1797,46.0,, 
1798,41.0, '2020-05-10', 
1799,41.0,, 
1800,50.0,, 
1801,28.0,, 
1802,26.0,, 
1803,56.0,, 
1804,53.0,, 
1805,45.0, '2022-05-26', 
1806,62.0,, 
1807,50.0,, 
1808,37.0, '2023-03-24', 
1809,59.0, '2021-11-20', 
1810,30.0,, 
1811,30.0, '2022-06-18', 
1812,53.0,, 
1813,56.0,, 
1814,54.0,, 
1815,26.0, '2023-01-18', 
1816,52.0, '2022-05-03', 
1817,64.0,, 
1818,30.0,, 
1819,56.0,, 
1820,36.0,, 
1821,45.0,, 
1822,19.0,, 
1823,30.0,, 
1824,21.0,, 
1825,24.0,, 
1826,57.0,, 
1827,50.0,, 
1828,32.0,, 
1829,58.0, '2021-11-04', 
1830,56.0, '2022-10-08', 
1831,41.0, '2021-11-17', 
1832,30.0, '2022-10-29', 
1833,18.0, '2023-01-17', 
1834,27.0,, 
1835,22.0, '2022-12-08', 
1836,47.0,, 
1837,41.0,, 
1838,32.0,, 
1839,41.0,, 
1840,54.0,, 
1841,40.0,, 
1842,57.0, '2020-06-06', 
1843,45.0,, 
1844,34.0,, 
1845,57.0,, 
1846,21.0,, 
1847,27.0,, 
1848,38.0, '2021-06-22', 
1849,46.0, '2022-12-18', 
1850,20.0,, 
1851,27.0,, 
1852,59.0,, 
1853,21.0, '2021-06-24', 
1854,34.0, '2021-10-15', 
1855,44.0,, 
1856,49.0, '2020-06-12', 
1857,62.0,, 
1858,58.0,, 
1859,29.0,, 
1860,61.0, '2021-01-06', 
1861,21.0,, 
1862,28.0,, 
1863,38.0, '2021-06-18', 
1864,50.0, '2021-08-21', 
1865,25.0,, 
1866,64.0,, 
1867,32.0,, 
1868,52.0,, 
1869,62.0,, 
1870,33.0,, 
1871,54.0,, 
1872,34.0,, 
1873,48.0,, 
1874,65.0, '2023-03-12', 
1875,63.0,, 
1876,35.0, '2021-06-17', 
1877,45.0,, 
1878,62.0,, 
1879,42.0,, 
1880,62.0, '2020-07-01', 
1881,36.0, '2020-12-28', 
1882,44.0, '2021-03-04', 
1883,64.0, '2021-10-28', 
1884,46.0, '2021-04-22', 
1885,43.0,, 
1886,21.0,, 
1887,62.0,, 
1888,29.0,, 
1889,54.0,, 
1890,21.0,, 
1891,44.0, '2021-04-01', 
1892,30.0, '2022-09-16', 
1893,33.0,, 
1894,42.0,, 
1895,57.0,, 
1896,65.0, '2021-08-03', 
1897,44.0,, 
1898,40.0, '2021-04-25', 
1899,25.0, '2022-10-22', 
1900,24.0,, 
1901,53.0,, 
1902,35.0,, 
1903,40.0,, 
1904,21.0, '2021-06-12', 
1905,46.0,, 
1906,43.0,, 
1907,31.0, '2020-07-14', 
1908,56.0,, 
1909,35.0,, 
1910,26.0, '2020-10-07', 
1911,22.0,, 
1912,21.0, '2021-09-19', 
1913,59.0,, 
1914,18.0, '2021-12-28', 
1915,29.0,, 
1916,50.0, '2021-10-12', 
1917,29.0, '2023-01-17', 
1918,50.0, '2021-06-20', 
1919,61.0,, 
1920,37.0,, 
1921,47.0, '2021-10-05', 
1922,38.0, '2022-01-22', 
1923,28.0,, 
1924,61.0,, 
1925,60.0,, 
1926,27.0,, 
1927,52.0,, 
1928,32.0, '2021-11-11', 
1929,21.0, '2022-08-07', 
1930,35.0,, 
1931,21.0, '2020-05-28', 
1932,25.0,, 
1933,20.0,, 
1934,24.0, '2020-09-09', 
1935,39.0, '2020-08-20', 
1936,60.0, '2022-07-25', 
1937,55.0,, 
1938,64.0, '2023-03-21', 
1939,30.0,, 
1940,45.0,, 
1941,44.0,, 
1942,65.0,, 
1943,55.0,, 
1944,42.0,, 
1945,18.0,, 
1946,46.0,, 
1947,59.0, '2021-03-16', 
1948,36.0,, 
1949,62.0, '2020-10-18', 
1950,28.0,, 
1951,64.0,, 
1952,30.0, '2020-10-15', 
1953,36.0,, 
1954,51.0,, 
1955,44.0,, 
1956,60.0,, 
1957,30.0,, 
1958,25.0, '2021-03-07', 
1959,44.0,, 
1960,22.0,, 
1961,32.0,, 
1962,62.0, '2020-12-18', 
1963,21.0,, 
1964,53.0,, 
1965,40.0,, 
1966,40.0,, 
1967,45.0,, 
1968,22.0, '2022-05-01', 
1969,19.0,, 
1970,54.0,, 
1971,42.0,, 
1972,48.0,, 
1973,63.0, '2021-12-10', 
1974,54.0,, 
1975,49.0,, 
1976,30.0,, 
1977,47.0,, 
1978,43.0,, 
1979,54.0, '2021-09-29', 
1980,20.0, '2021-01-20', 
1981,32.0, '2021-08-22', 
1982,57.0, '2020-10-18', 
1983,41.0,, 
1984,65.0, '2020-12-08', 
1985,19.0, '2022-02-15', 
1986,31.0,, 
1987,42.0,, 
1988,59.0,, 
1989,63.0,, 
1990,24.0, '2021-02-22', 
1991,26.0,, 
1992,52.0,, 
1993,32.0, '2020-05-06', 
1994,,, 
1995,,, 
1996,,, 
1997,,, 
1998,,, 
1999,,, 
2000,23.0, '2020-05-30', 
2001,28.0,, 
2002,24.0, '2022-06-18', 
2003,18.0, '2022-02-10', 
2004,59.0, '2021-03-22', 
2005,26.0,, 
2006,53.0,, 
2007,37.0, '2021-08-30', 
2008,37.0, '2022-05-12', 
2009,58.0,, 
2010,51.0,, 
2011,55.0, '2021-02-17', 
2012,42.0,, 
2013,64.0,, 
2014,64.0,, 
2015,50.0, '2022-08-08', 
2016,38.0,, 
2017,35.0,, 
2018,61.0,, 
2019,44.0, '2020-06-13', 
2020,60.0, '2021-01-19', 
2021,36.0, '2020-06-10', 
2022,18.0,, 
2023,40.0,, 
2024,28.0,, 
2025,20.0,, 
2026,22.0,, 
2027,55.0,, 
2028,41.0, '2020-10-11', 
2029,60.0,, 
2030,58.0,, 
2031,58.0, '2022-12-07', 
2032,23.0,, 
2033,46.0, '2021-11-10', 
2034,20.0, '2021-08-16', 
2035,47.0,, 
2036,54.0, '2020-11-03', 
2037,32.0,, 
2038,37.0,, 
2039,49.0,, 
2040,56.0,, 
2041,51.0, '2021-06-12', 
2042,40.0,, 
2043,61.0, '2022-07-27', 
2044,25.0,, 
2045,39.0, '2023-01-03', 
2046,64.0, '2023-02-19', 
2047,64.0, '2022-08-07', 
2048,28.0, '2021-07-29', 
2049,58.0, '2021-05-03', 
2050,41.0,, 
2051,50.0, '2022-06-28', 
2052,23.0, '2021-03-29', 
2053,59.0, '2021-01-18', 
2054,64.0, '2020-07-20', 
2055,41.0, '2021-09-21', 
2056,34.0, '2020-10-17', 
2057,43.0,, 
2058,24.0,, 
2059,26.0,, 
2060,36.0,, 
2061,32.0,, 
2062,60.0, '2022-10-05', 
2063,37.0, '2022-10-02', 
2064,52.0,, 
2065,21.0,, 
2066,29.0, '2021-06-06', 
2067,50.0,, 
2068,27.0, '2021-11-10', 
2069,34.0,, 
2070,39.0,, 
2071,36.0, '2020-06-16', 
2072,18.0,, 
2073,56.0,, 
2074,55.0,, 
2075,30.0, '2021-09-05', 
2076,59.0,, 
2077,37.0,, 
2078,47.0,, 
2079,45.0, '2022-01-29', 
2080,37.0, '2022-08-11', 
2081,18.0,, 
2082,62.0,, 
2083,54.0, '2021-11-05', 
2084,37.0,, 
2085,48.0, '2022-08-15', 
2086,38.0, '2022-02-25', 
2087,61.0, '2020-09-24', 
2088,47.0,, 
2089,57.0, '2023-02-02', 
2090,19.0, '2022-08-12', 
2091,32.0, '2020-08-27', 
2092,23.0,, 
2093,38.0,, 
2094,41.0,, 
2095,27.0, '2022-06-27', 
2096,55.0, '2022-02-23', 
2097,44.0, '2021-03-12', 
2098,20.0,, 
2099,38.0, '2020-11-04', 
2100,23.0, '2021-01-28', 
2101,18.0,, 
2102,48.0, '2020-06-18', 
2103,32.0,, 
2104,,, 
2105,,, 
2106,,, 
2107,41.0,, 
2108,22.0,, 
2109,40.0,, 
2110,53.0,, 
2111,50.0,, 
2112,18.0,, 
2113,,, 
2114,,, 
2115,,, 
2116,,, 
2117,,, 
2118,50.0,, 
2119,24.0,, 
2120,56.0,, 
2121,59.0,, 
2122,27.0,, 
2123,59.0,, 
2124,55.0, '2023-03-09', 
2125,32.0,, 
2126,40.0,, 
2127,37.0, '2020-05-20', 
2128,65.0, '2020-07-10', 
2129,26.0,, 
2130,52.0,, 
2131,24.0,, 
2132,27.0, '2020-06-11', 
2133,31.0, '2022-04-09', 
2134,,, 
2135,,, 
2136,,, 
2137,,, 
2138,,, 
2139,,, 
2140,29.0,, 
2141,57.0,, 
2142,64.0, '2022-08-15', 
2143,19.0,, 
2144,61.0, '2022-01-29', 
2145,49.0,,
2146,,,
2147,,,
2148,,,
2149,24.0,,
2150,63.0,,
2151,50.0,,
2152,41.0, '2021-11-29',
2153,36.0,,
2154,24.0,,
2155,,,
2156,,,
2157,,,
2158,,,
2159,, '2022-08-15',
2160,, '2022-02-25',
2161,, '2020-09-24',
2162,,,
2163,, '2023-02-02',
2164,, '2022-08-12',
2165,, '2020-08-27',
2166,,,
2167,,,
2168,,,
2169,, '2022-06-27',
2170,, '2022-02-23',
2171,, '2021-03-12',
2172,,,
2173,, '2020-11-04',
2174,, '2021-01-28',
2175,40.0,,
2176,37.0, '2020-06-18',
2177,65.0,,
2178,26.0,,
2179,52.0,,
2180,24.0,,
2181,27.0, '2020-06-11',
2182,31.0, '2022-04-09',
2183,24.0,,
2184,63.0,,
2185,50.0,,
2186,41.0, '2021-11-29',
2187,36.0,,
2188,24.0,,
2189,29.0,,
2190,57.0,,
2191,64.0, '2022-08-15',
2192,19.0,,
2193,61.0, '2022-01-29',
2194,,,
2195,40.0,,
2196,37.0, '2020-05-20',
2197,65.0, '2020-07-10',
2198,26.0,,
2199,52.0,,
2200,24.0,,
2201,27.0, '2020-06-11',
2202,31.0, '2022-04-09',
2203,24.0,,
2204,63.0,,
2205,50.0,,
2206,41.0, '2021-11-29',
2207,36.0,,
2208,24.0,,
2209,29.0,,
2210,57.0,,
2211,64.0, '2022-08-15',
2212,19.0,,
2213,61.0, '2022-01-29',
2214,,,
2215,,,
2216,,,
2217,,,
2218,,,
2219,14.0,,
2220,15.0,,
2221,,,
2222,44.0,,
2223,44.0,,
2224,29.0, '2022-08-15',
2225,22.0, '2022-02-25',
2226,8.0, '2020-09-24',
2227,7.0,,
2228,, '2023-02-02',
2229,, '2022-08-12',
2230,, '2020-08-27',
2231,,,
2232,,,
2233,,,
2234,44.0, '2022-06-27',
2235,44.0, '2022-02-23',
2236,29.0, '2021-03-12',
2237,,,
2238,8.0, '2020-11-04',
2239,7.0, '2021-01-28',
2240,,,
2241,22.0, '2020-06-18',
2242,,,
2243,,,
2244,,,
2245,,,
2246,,,
2247,,,
2248,24.0,,
2249,45.0, '2022-09-20',
2250,28.0,,
2251,33.0, '2021-11-09',
2252,22.0,,
2253,20.0,,
2254,39.0, '2022-03-08',
2255,56.0,,
2256,46.0,,
2257,45.0,,
2258,41.0,,
2259,64.0, '2020-07-14',
2260,28.0,,
2261,33.0, '2020-12-26',
2262,,,
2263,,,
2264,,,
2265,,,
2266,,,
2267,40.0,,
2268,37.0, '2020-05-20',
2269,65.0, '2020-07-10',
2270,26.0,,
2271,52.0,,
2272,24.0,,
2273,27.0, '2020-06-11',
2274,31.0, '2022-04-09',
2275,24.0,,
2276,63.0,,
2277,50.0,,
2278,41.0, '2021-11-29',
2279,36.0,,
2280,24.0,,
2281,29.0,,
2282,57.0,,
2283,64.0, '2022-08-15',
2284,19.0,,
2285,61.0, '2022-01-29',
2286,,,
2287,,,
2288,, '2022-08-15',
2289,, '2022-02-25',
2290,, '2020-09-24',
2291,,,
2292,, '2023-02-02',
2293,, '2022-08-12',
2294,, '2020-08-27',
2295,,,
2296,,,
2297,,,
2298,, '2022-06-27',
2299,, '2022-02-23',
2300,, '2021-03-12',
2301,,,
2302,, '2020-11-04',
2303,, '2021-01-28',
2304,,,
2305,, '2020-06-18',
2306,,,
2307,, '2022-02-23',
2308,, '2021-03-12',
2309,,,
2310,, '2020-11-04',
2311,, '2021-01-28',
2312,,,
2313,, '2020-06-18',
2314,,,
2315,,,
2316,18.0, '2020-06-18',
2317,18.0, '2020-06-18',
2318,18.0, '2020-06-18',
2319,18.0, '2020-06-18',
2320,18.0, '2020-06-18',
2321,18.0,,
2322,48.0, '2020-06-18',
2323,32.0,,
2324,24.0,,
2325,45.0, '2022-09-20',
2326,28.0,,
2327,33.0, '2021-11-09',
2328,22.0,,
2329,20.0,,
2330,39.0, '2022-03-08',
2331,56.0,,
2332,46.0,,
2333,45.0,,
2334,41.0,,
2335,64.0, '2020-07-14',
2336,28.0,,
2337,33.0, '2020-12-26',
2338,50.0,,
2339,24.0,,
2340,56.0,,
2341,59.0,,
2342,27.0,,
2343,59.0,,
2344,55.0, '2023-03-09',
2345,32.0,,
2346,40.0,,
2347,37.0, '2020-05-20',
2348,65.0, '2020-07-10',
2349,26.0,,
2350,52.0,,
2351,24.0,,
2352,27.0, '2020-06-11',
2353,31.0, '2022-04-09',
2354,24.0,,
2355,63.0,,
2356,50.0,,
2357,41.0, '2021-11-29',
2358,36.0,,
2359,24.0,,
2360,29.0,,
2361,57.0,,
2362,64.0, '2022-08-15',
2363,19.0,,
2364,61.0, '2022-01-29',
2365,49.0,,
2366,18.0,,
2367,48.0, '2020-06-18',
2368,32.0,,
2369,24.0,,
2370,45.0, '2022-09-20',
2371,28.0,,
2372,33.0, '2021-11-09',
2373,22.0,,
2374,20.0,,
2375,39.0, '2022-03-08',
2376,56.0,,
2377,46.0,,
2378,45.0,,
2379,41.0,,
2380,64.0, '2020-07-14',
2381,28.0,,
2382,33.0, '2020-12-26',
2383,50.0,,
2384,24.0,,
2385,56.0,,
2386,59.0,,
2387,27.0,,
2388,59.0,,
2389,55.0, '2023-03-09',
2390,32.0,,
2391,40.0,,
2392,37.0, '2020-05-20',
2393,65.0, '2020-07-10',
2394,26.0,,
2395,52.0,,
2396,24.0,,
2397,27.0, '2020-06-11',
2398,31.0, '2022-04-09',
2399,24.0,,
2400,63.0,,
2401,50.0,,
2402,41.0, '2021-11-29',
2403,36.0,,
2404,24.0,,
2405,29.0,,
2406,57.0,,
2407,64.0, '2022-08-15',
2408,19.0,,
2409,61.0, '2022-01-29',
2410,49.0,,
2411,,,
2412,,,
2413,,,
2414,,,
2415,,,
2416,,,
2417,89.0, '2022-04-09',
2418,,,
2419,,,
2420,,,
2421,33.0,,
2422,,,
2423,,,
2424,44.0, '2022-08-15',
2425,, '2022-02-25',
2426,, '2020-09-24',
2427,50.0,,
2428,, '2023-02-02',
2429,, '2022-08-12',
2430,30.0, '2020-08-27',
2431,,,
2432,,,
2433,,,
2434,, '2022-06-27',
2435,, '2022-02-23',
2436,, '2021-03-12',
2437,,,
2438,, '2020-11-04',
2439,, '2021-01-28',
2440,40.0,,
2441,37.0, '2020-06-18',
2442,65.0,,
2443,26.0,,
2444,52.0,,
2445,24.0,,
2446,27.0, '2020-06-11',
2447,31.0, '2022-04-09',
2448,24.0,,
2449,63.0,,
2450,50.0,,
2451,41.0, '2021-11-29',
2452,36.0,,
2453,24.0,,
2454,29.0,,
2455,57.0,,
2456,64.0, '2022-08-15',
2457,19.0,,
2458,61.0, '2022-01-29',
2459,,,
2460,40.0,,
2461,37.0, '2020-05-20',
2462,65.0, '2020-07-10',
2463,26.0,,
2464,52.0,,
2465,24.0,,
2466,27.0, '2020-06-11',
2467,31.0, '2022-04-09',
2468,,,
2469,,,
2470,,,
2471,41.0,,
2472,36.0,,
2473,24.0,,
2474,29.0,,
2475,57.0, '2022-04-09',
2476,41.0,,
2477,36.0,,
2478,24.0, '2022-04-09',
2479,29.0,,
2480,57.0,,
2481,41.0,,
2482,36.0,,
2483,24.0,,
2484,29.0,,
2485,57.0,,
2486,41.0,,
2487,36.0,,
2488,24.0, '2022-04-09',
2489,29.0,,
2490,57.0,,
2491,41.0,,
2492,36.0,,
2493,24.0,,
2494,29.0,,
2495,57.0,,
2496,41.0,,
2497,36.0,,
2498,24.0,,
2499,29.0,,
2500,57.0,,
2501,,,
2502,,,
2503,,,
2504,,,
2505,,,
2506,,,
2507,,,
2508,,,
2509,,,
2510,,,
2511,,,
2512,,,
2513,,,
2514,,,
2515,,,
2516,,,
2517,,,
2518,,,
2519,,,
2520,,,
2521,,,
2522,,,
2523,,,
2524,,,
2525,,,
2526,,,
2527,,,
2528,,,
2529,,,
2530,,,
2531,,,
2532,,,
2533,,,
2534,,,
2535,,,
2536,,,
2537,,,
2538,,,
2539,,,
2540,,,
2541,,,
2542,,,
2543,,,
2544,,,
2545,,,
2546,,,
2547,,,
2548,,,
2549,,,
2550,,,
2551,,,
2552,,,
2553,,,
2554,,,
2555,,,
2556,,,
2557,,,
2558,,,
2559,,,
2560,,,
2561,,,
2562,,,
2563,,,
2564,,,
2565,,,
2566,,,
2567,,,
2568,,,
2569,,,
2570,,,
2571,,,
2572,,,
2573,,,
2574,,,
2575,,,
2576,,,
2577,,,
2578,,,
2579,,,
2580,,,
2581,,,
2582,,,
2583,,,
2584,,,
2585,,,
2586,,,
2587,,,
2588,,,
2589,,,
2590,,,
2591,,,
2592,,,
2593,,,
2594,,,
2595,,,
2596,,,
2597,,,
2598,,,
2599,,,
2600,,,
2601,,,
2602,,,
2603,,,
2604,,,
2605,,,
2606,,,
2607,,,
2608,,,
2609,,,
2610,,,
2611,,,
2612,,,
2613,,,
2614,,,
2615,,,
2616,,,
2617,,,
2618,,,
2619,,,
2620,,,
2621,,,
2622,,,
2623,,,
2624,,,
2625,,,
2626,,,
2627,,,
2628,,,
2629,,,
2630,,,
2631,,,
2632,,,
2633,,,
2634,,,
2635,,,
2636,,,
2637,,,
2638,,,
2639,,,
2640,,,
2641,,,
2642,,,
2643,,,
2644,,,
2645,,,
2646,,,
2647,,,
2648,,,
2649,,,
2650,,,
2651,,,
2652,,,
2653,,,
2654,,,
2655,,,
2656,,,
2657,,,
2658,,,
2659,,,
2660,,,
2661,,,
2662,,,
2663,,,
2664,,,
2665,,,
2666,,,
2667,,,
2668,,,
2669,,,
2670,,,
2671,,,
2672,,,
2673,,,
2674,,,
2675,,,
2676,,,
2677,,,
2678,,,
2679,,,
2680,,,
2681,,,
2682,,,
2683,,,
2684,,,
2685,,,
2686,,,
2687,,,
2688,,,
2689,,,
2690,,,
2691,,,
2692,,,
2693,,,
2694,,,
2695,,,
2696,,,
2697,,,
2698,,,
2699,,,
2700,,,
2701,,,
2702,,,
2703,,,
2704,,,
2705,,,
2706,,,
2707,,,
2708,,,
2709,,,
2710,,,
2711,,,
2712,,,
2713,,,
2714,,,
2715,,,
2716,,,
2717,,,
2718,,,
2719,,,
2720,,,
2721,,,
2722,,,
2723,,,
2724,,,
2725,,,
2726,,,
2727,,,
2728,,,
2729,,,
2730,,,
2731,,,
2732,,,
2733,,,
2734,,,
2735,,,
2736,,,
2737,,,
2738,,,
2739,,,
2740,,,
2741,,,
2742,,,
2743,,,
2744,,,
2745,,,
2746,,,
2747,,,
2748,,,
2749,,,
2750,,,
2751,,,
2752,,,
2753,,,
2754,,,
2755,,,
2756,,,
2757,,,
2758,,,
2759,,,
2760,,,
2761,,,
2762,,,
2763,,,
2764,,,
2765,,,
2766,,,
2767,,,
2768,,,
2769,,,
2770,,,
2771,,,
2772,,,
2773,,,
2774,,,
2775,,,
2776,,,
2777,,,
2778,,,
2779,,,
2780,,,
2781,,,
2782,,,
2783,,,
2784,,,
2785,,,
2786,,,
2787,,,
2788,,,
2789,,,
2790,,,
2791,,,
2792,,,
2793,,,
2794,,,
2795,,,
2796,,,
2797,,,
2798,,,
2799,,,
2800,,,
2801,,,
2802,,,
2803,,,
2804,,,
2805,,,
2806,,,
2807,,,
2808,,,
2809,,,
2810,,,
2811,,,
2812,,,
2813,,,
2814,,,
2815,,,
2816,,,
2817,,,
2818,,,
2819,,,
2820,,,
2821,,,
2822,,,
2823,,,
2824,,,
2825,,,
2826,,,
2827,,,
2828,,,
2829,,,
2830,,,
2831,,,
2832,,,
2833,,,
2834,,,
2835,,,
2836,,,
2837,,,
2838,,,
2839,,,
2840,,,
2841,,,
2842,,,
2843,,,
2844,,,
2845,,,
2846,,,
2847,,,
2848,,,
2849,,,
2850,,,
2851,,,
2852,,,
2853,,,
2854,,,
2855,,,
2856,,,
2857,,,
2858,,,
2859,,,
2860,,,
2861,,,
2862,,,
2863,,,
2864,,,
2865,,,
2866,,,
2867,,,
2868,,,
2869,,,
2870,,,
2871,,,
2872,,,
2873,,,
2874,,,
2875,,,
2876,,,
2877,,,
2878,,,
2879,,,
2880,,,
2881,,,
2882,,,
2883,,,
2884,,,
2885,,,
2886,,,
2887,,,
2888,,,
2889,,,
2890,,,
2891,,,
2892,,,
2893,,,
2894,,,
2895,,,
2896,,,
2897,,,
2898,,,
2899,,,
2900,,,
2901,,,
2902,,,
2903,,,
2904,,,
2905,,,
2906,,,
2907,,,
2908,,,
2909,,,
2910,,,
2911,,,
2912,,,
2913,,,
2914,,,
2915,,,
2916,,,
2917,,,
2918,,,
2919,,,
2920,,,
2921,,,
2922,,,
2923,,,
2924,,,
2925,,,
2926,,,
2927,,,
2928,,,
2929,,,
2930,,,
2931,,,
2932,,,
2933,,,
2934,,,
2935,,,
2936,,,
2937,,,
2938,,,
2939,,,
2940,,,
2941,,,
2942,,,
2943,,,
2944,,,
2945,,,
2946,,,
2947,,,
2948,,,
2949,,,
2950,,,
2951,,,
2952,,,
2953,,,
2954,,,
2955,,,
2956,,,
2957,,,
2958,,,
2959,,,
2960,,,
2961,,,
2962,,,
2963,,,
2964,,,
2965,,,
2966,,,
2967,,,
2968,,,
2969,,,
2970,,,
2971,,,
2972,,,
2973,,,
2974,,,
2975,,,
2976,,,
2977,,,
2978,,,
2979,,,
2980,,,
2981,,,
2982,,,
2983,,,
2984,,,
2985,,,
2986,,,
2987,,,
2988,,,
2989,,,
2990,,,
2991,,,
2992,,,
2993,,,
2994,,,
2995,,,
2996,,,
2997,,,
2998,,,
2999,,,
3000,,,
